VRID,Origin,Destination,Booking Cutoff,Trailer,Carrier,Status
1147200XQ,Doncaster DN4 (DSA3),Leeds LS10 (EMA4),07/10/2026 06:00,,Amazon,Waiting
1147237XQ,Doncaster DN4 (DSA3),Manchester M17 (MAN2),08/10/2026 08:15,TRL-7411,Amazon,Waiting
1147274XQ,Rugeley WS15 (BHX4),Bristol BS11 (BRS1),09/10/2026 10:30,TRL-7412,Amazon,Waiting
1147311XQ,Tilbury RM18 (LCY2),Peterborough PE2 (EMA3),10/10/2026 12:45,,Amazon,Waiting
DHL-26144,Daventry NN11 (DIRC),Newcastle NE11 (NCL1),11/10/2026 14:00,TRL-7414,DHL Supply Chain,Waiting
DHL-26155,Rossington DN11 (RSG1),Glasgow G72 (GLA1),07/10/2026 16:15,TRL-7415,DHL Supply Chain,Waiting
KAT-26166,Wheatley DN2 (WHT1),Cardiff CF3 (CWL1),08/10/2026 18:30,,Katem,Waiting
KAT-26177,Rossington DN11 (RSG1),Birmingham B37 (BHX2),09/10/2026 06:45,TRL-7417,Katem,Waiting
KAT-26188,Hams Hall B46 (HHL1),Southampton SO15 (SOU1),10/10/2026 08:00,TRL-7418,Katem,Waiting
1147533XQ,Doncaster DN4 (DSA3),Belfast BT3 (BFS1),11/10/2026 10:15,,Amazon,Waiting
1147570XQ,Magna Park MK17 (MKP1),Hull HU7 (HUL1),04/10/2026 12:30,TRL-7420,Amazon,Completed
1147607XQ,Rugeley WS15 (BHX4),Norwich NR6 (NWC1),04/10/2026 14:45,TRL-7421,Amazon,Completed
KAT-26232,Tilbury RM18 (LCY2),Exeter EX2 (EXE1),04/10/2026 16:00,,Katem,Completed
DHL-26243,Daventry NN11 (DIRC),Sheffield S9 (SHF1),04/10/2026 18:15,TRL-7423,DHL Supply Chain,Completed
